{
  "__version__": "1.0.3",
  "builder": {
    "taskOptionsMap": {},
    "__version__": "1.3.9"
  },
  "gizmos-infos": {
    "is2D": true,
    "is3DIcon": false,
    "iconSize": 2,
    "gridVisible": true,
    "originAxis2D": {
      "x_visible": true,
      "y_visible": true,
      "z_visible": false
    },
    "originAxis3D": {
      "x_visible": true,
      "y_visible": false,
      "z_visible": true
    },
    "gridColor": [
      166,
      166,
      166,
      255
    ],
    "transformToolName": "position",
    "pivot": "pivot",
    "coordinate": "local",
    "toolsVisibility3d": true
  },
  "snap-configs": {
    "position": {
      "x": 1,
      "y": 1,
      "z": 1
    },
    "rotation": 1,
    "scale": 1,
    "isPositionSnapEnabled": false,
    "isRotationSnapEnabled": false,
    "isScaleSnapEnabled": false
  },
  "rect-snap-configs": {
    "enableSnapping": true,
    "snapThreshold": 4
  },
  "float-window": {
    "position": {
      "cc": {
        "Camera": {
          "dock": false,
          "top": null,
          "bottom": 10,
          "left": null,
          "right": 10
        }
      }
    }
  },
  "camera-infos": {
    "8adf100e-39f3-40ba-a7d1-ff69cb0f240c": {
      "position": {
        "x": 35.46505914713525,
        "y": 35.46505914713524,
        "z": 35.46505914713524
      },
      "rotation": {
        "x": -0.2345396138001278,
        "y": 0.3531556027732579,
        "z": 0.09192889987038369,
        "w": 0.9010113024551472
      },
      "viewCenter": {
        "x": -0.9780558305028251,
        "y": 5.514583545444914,
        "z": -3.881854872270928
      },
      "contentRect": {
        "x": 0,
        "y": 0,
        "width": 531,
        "height": 414
      },
      "scale": 1
    },
    "299f5acd-5987-45c6-a16b-efada4d7175a": {
      "position": {
        "x": 34.65888576044295,
        "y": 34.65888576044294,
        "z": 34.658885760442935
      },
      "rotation": {
        "x": -0.27984814233312133,
        "y": 0.3647051996310009,
        "z": 0.11591689595929512,
        "w": 0.8804762392171493
      },
      "viewCenter": {
        "x": 0,
        "y": 0,
        "z": 0
      },
      "contentRect": {
        "x": 0,
        "y": 0,
        "width": 531,
        "height": 414
      },
      "scale": 1
    },
    "2612d52c-0fe8-48f2-b8a5-6039d24eee95": {
      "position": {
        "x": 34.65888576044295,
        "y": 34.65888576044294,
        "z": 34.658885760442935
      },
      "rotation": {
        "x": -0.27984814233312133,
        "y": 0.3647051996310009,
        "z": 0.11591689595929512,
        "w": 0.8804762392171493
      },
      "viewCenter": {
        "x": 0,
        "y": 0,
        "z": 0
      },
      "contentRect": {
        "x": 0,
        "y": 0,
        "width": 531,
        "height": 414
      },
      "scale": 1
    },
    "8730ed40-1b6e-43de-b5a7-e5834c1c45a0": {
      "position": {
        "x": 736.2704771164827,
        "y": 493.040972115993,
        "z": 5000
      },
      "rotation": {
        "x": 0,
        "y": 0,
        "z": 0,
        "w": 1
      },
      "viewCenter": {
        "x": 855.2004944215843,
        "y": 442.31055939724314,
        "z": -519.9036838886223
      },
      "contentRect": {
        "x": -319.09597275652635,
        "y": -248.52324696535447,
        "width": 1278,
        "height": 898
      },
      "scale": 0.6054768939043781
    },
    "65359583-2072-4324-9da7-51f494157798": {
      "position": {
        "x": 0,
        "y": 0,
        "z": 5000
      },
      "rotation": {
        "x": 0,
        "y": 0,
        "z": 0,
        "w": 1
      },
      "viewCenter": {
        "x": 0,
        "y": 0,
        "z": 0
      },
      "contentRect": {
        "x": 0,
        "y": 0,
        "width": 0,
        "height": 0
      },
      "scale": 1
    },
    "6394de4f-b1dd-4986-98a8-4844b4f7811b": {
      "position": {
        "x": 0,
        "y": 0,
        "z": 5000
      },
      "rotation": {
        "x": 0,
        "y": 0,
        "z": 0,
        "w": 1
      },
      "viewCenter": {
        "x": 0,
        "y": 0,
        "z": 0
      },
      "contentRect": {
        "x": 0,
        "y": 0,
        "width": 0,
        "height": 0
      },
      "scale": 1
    },
    "4812ceca-ee30-44ef-adcf-319527b0feef": {
      "position": {
        "x": 640,
        "y": 359.99999999999994,
        "z": 5000
      },
      "rotation": {
        "x": 0,
        "y": 0,
        "z": 0,
        "w": 1
      },
      "viewCenter": {
        "x": 0,
        "y": 0,
        "z": 0
      },
      "contentRect": {
        "x": 0,
        "y": 0,
        "width": 1278,
        "height": 898
      },
      "scale": 0.6989062500000001
    },
    "613417ca-b73e-4786-892f-faa3eb02b78f": {
      "position": {
        "x": 640,
        "y": 359.99999999999994,
        "z": 5000
      },
      "rotation": {
        "x": 0,
        "y": 0,
        "z": 0,
        "w": 1
      },
      "viewCenter": {
        "x": 0,
        "y": 0,
        "z": 0
      },
      "contentRect": {
        "x": 0,
        "y": 0,
        "width": 894.6,
        "height": 503.2125
      },
      "scale": 0.6989062500000001
    },
    "1fe0c50d-2441-44de-8e0d-8784bfb27ec7": {
      "position": {
        "x": 640,
        "y": 359.99999999999994,
        "z": 5000
      },
      "rotation": {
        "x": 0,
        "y": 0,
        "z": 0,
        "w": 1
      },
      "viewCenter": {
        "x": 0,
        "y": 0,
        "z": 0
      },
      "contentRect": {
        "x": 0,
        "y": 0,
        "width": 894.6,
        "height": 503.2125
      },
      "scale": 0.6989062500000001
    },
    "7182d167-0b2c-40f8-8156-5544c7d818b8": {
      "position": {
        "x": 640,
        "y": 359.99999999999994,
        "z": 5000
      },
      "rotation": {
        "x": 0,
        "y": 0,
        "z": 0,
        "w": 1
      },
      "viewCenter": {
        "x": 0,
        "y": 0,
        "z": 0
      },
      "contentRect": {
        "x": 0,
        "y": 0,
        "width": 894.6,
        "height": 503.2125
      },
      "scale": 0.6989062500000001
    },
    "92499537-7db8-4458-ac87-b268fafbec0d": {
      "position": {
        "x": 640,
        "y": 359.99999999999994,
        "z": 5000
      },
      "rotation": {
        "x": 0,
        "y": 0,
        "z": 0,
        "w": 1
      },
      "viewCenter": {
        "x": 0,
        "y": 0,
        "z": 0
      },
      "contentRect": {
        "x": 0,
        "y": 0,
        "width": 894.6,
        "height": 503.2125
      },
      "scale": 0.6989062500000001
    },
    "dffbe2c2-58dd-46f8-95d0-f95d5a6d655a": {
      "position": {
        "x": 640,
        "y": 359.99999999999994,
        "z": 5000
      },
      "rotation": {
        "x": 0,
        "y": 0,
        "z": 0,
        "w": 1
      },
      "viewCenter": {
        "x": 0,
        "y": 0,
        "z": 0
      },
      "contentRect": {
        "x": 0,
        "y": 0,
        "width": 894.6,
        "height": 503.2125
      },
      "scale": 0.6989062500000001
    },
    "2e7f1b65-3edf-41c7-a911-37d422cfcfb5": {
      "position": {
        "x": 640,
        "y": 359.99999999999994,
        "z": 5000
      },
      "rotation": {
        "x": 0,
        "y": 0,
        "z": 0,
        "w": 1
      },
      "viewCenter": {
        "x": 0,
        "y": 0,
        "z": 0
      },
      "contentRect": {
        "x": 0,
        "y": 0,
        "width": 894.6,
        "height": 503.2125
      },
      "scale": 0.6989062500000001
    },
    "b3f42ca3-7df8-446a-adc6-464195a79cc5": {
      "position": {
        "x": 640,
        "y": 359.99999999999994,
        "z": 5648.674837217284
      },
      "rotation": {
        "x": 0,
        "y": 0,
        "z": 0,
        "w": 1
      },
      "viewCenter": {
        "x": 0,
        "y": 0,
        "z": 0
      },
      "contentRect": {
        "x": 0,
        "y": 0,
        "width": 894.6,
        "height": 503.2125
      },